Neurons,Accuracy,F1 Score,Recall,Precision,MCC,Kappa
no hidden layer,0.787654321,0.762430939,0.821428571,0.711340206,0.577095562,0.57224965
32,0.809876543,0.757097792,0.714285714,0.805369128,0.604756853,0.601830927
64,0.8,0.773109244,0.821428571,0.73015873,0.59870749,0.595404595
128,0.797530864,0.772222222,0.827380952,0.723958333,0.59572684,0.591452613
256,0.807407407,0.777142857,0.80952381,0.747252747,0.60956503,0.60805479
512,0.8,0.766570605,0.791666667,0.74301676,0.592842945,0.591931933
1024,0.824691358,0.778816199,0.744047619,0.816993464,0.636049134,0.634146341
"256,256",0.807407407,0.753164557,0.708333333,0.804054054,0.599524755,0.596304248
"512,512",0.807407407,0.75625,0.720238095,0.796052632,0.599768588,0.597723105
