model,accuracy,fpr,recall
Naive Bayes,0.6190970420342501,0.6,0.7994323557237465
Logistic Regression,0.628956927867151,0.6022988505747127,0.8192999053926207
SVM,0.6870783601453035,0.4011494252873563,0.759697256385998
Decicion Tree,0.7711468604047743,0.30344827586206896,0.8325449385052034
Random Forest,0.8308251167618059,0.14597701149425288,0.8117313150425733
