,Model,Accuracy,F1,Recall,Precision,Matthews correlation coefficient (MCC),Kappa Coefficient,FPR
0,LogisticRegression,0.688135593220339,0.5929203539823008,0.536,0.6633663366336634,0.34991067554661465,0.34476098503138575,0.2
1,GaussianNB,0.6711864406779661,0.38216560509554137,0.24,0.9375,0.3626681425419819,0.2531645569620252,0.011764705882352941
2,SVC,0.711864406779661,0.6009389671361502,0.512,0.7272727272727273,0.4005163424465889,0.3859434308803723,0.1411764705882353
3,DecisionTreeClassifier,0.6915254237288135,0.6345381526104418,0.632,0.6370967741935484,0.36769230610298514,0.36768342951360267,0.2647058823529412
4,RandomForestClassifier,0.7457627118644068,0.6781115879828327,0.632,0.7314814814814815,0.4732988506087676,0.4698694141607763,0.17058823529411765
5,KNeighborsClassifier,0.6677966101694915,0.6343283582089553,0.68,0.5944055944055944,0.33501420076064675,0.3324867236204111,0.3411764705882353
