,Model,Accuracy,F1,Recall,Precision,Matthews correlation coefficient (MCC),Kappa Coefficient
0,LogisticRegression,0.7188755020080321,0.3137254901960784,0.23880597014925373,0.45714285714285713,0.17150032578693314,0.15829631060459726
1,GaussianNB,0.26506024096385544,0.41904761904761906,0.9850746268656716,0.2661290322580645,-0.1046580050736638,-0.008052562882994385
2,SVC,0.7349397590361446,0.05714285714285715,0.029850746268656716,0.6666666666666666,0.09900455431425009,0.03488372093023262
3,DecisionTreeClassifier,0.7228915662650602,0.5035971223021583,0.5223880597014925,0.4861111111111111,0.3121298143586056,0.31174137723831274
4,RandomForestClassifier,0.7831325301204819,0.4807692307692308,0.373134328358209,0.6756756756756757,0.38302390987117035,0.3578183207565192
5,KNeighborsClassifier,0.7188755020080321,0.4262295081967214,0.3880597014925373,0.4727272727272727,0.24450807653390128,0.24243741307371347
