,Model,Accuracy,F1,Recall,Precision,Matthews correlation coefficient (MCC),Kappa Coefficient,FPR
0,LogisticRegression,0.7135802469135802,0.6027397260273972,0.5238095238095238,0.7096774193548387,0.3975608306615706,0.386652044493185,0.1518987341772152
1,GaussianNB,0.6370370370370371,0.2538071065989848,0.1488095238095238,0.8620689655172413,0.2521074417954953,0.14999785839722457,0.016877637130801686
2,SVC,0.7135802469135802,0.5766423357664234,0.47023809523809523,0.7452830188679245,0.3993679675241541,0.37654271836929687,0.11392405063291139
3,DecisionTreeClassifier,0.7012345679012346,0.6276923076923077,0.6071428571428571,0.6496815286624203,0.3792902391651884,0.37868472100718875,0.2320675105485232
4,RandomForestClassifier,0.817283950617284,0.75,0.6607142857142857,0.8671875,0.6241481440620538,0.6101311270683734,0.07172995780590717
5,KNeighborsClassifier,0.654320987654321,0.5808383233532936,0.5773809523809523,0.5843373493975904,0.28675350824001067,0.2867386217827761,0.2911392405063291
