,Model,Accuracy,F1,Recall,Precision,Matthews correlation coefficient (MCC),Kappa Coefficient,FPR
0,LogisticRegression,0.7753086419753087,0.7073954983922829,0.6547619047619048,0.7692307692307693,0.531443190005338,0.526935962108668,0.13924050632911392
1,GaussianNB,0.6395061728395062,0.25510204081632654,0.1488095238095238,0.8928571428571429,0.2644240195000504,0.15494769336305947,0.012658227848101266
2,SVC,0.7728395061728395,0.6933333333333334,0.6190476190476191,0.7878787878787878,0.5265203514382454,0.5170321978534764,0.11814345991561181
3,DecisionTreeClassifier,0.7382716049382716,0.6787878787878788,0.6666666666666666,0.691358024691358,0.4582933750642206,0.4580777096114519,0.2109704641350211
4,RandomForestClassifier,0.817283950617284,0.7549668874172186,0.6785714285714286,0.8507462686567164,0.6221744448667493,0.6122195481717259,0.08438818565400844
5,KNeighborsClassifier,0.6567901234567901,0.5850746268656716,0.5833333333333334,0.5868263473053892,0.2924512833466743,0.2924474944383696,0.2911392405063291
