,Model,Accuracy,F1,Recall,Precision,Matthews correlation coefficient (MCC)
0,LogisticRegression,0.7188755020080321,0.3137254901960784,0.23880597014925373,0.45714285714285713,0.17150032578693314
1,GaussianNB,0.26506024096385544,0.41904761904761906,0.9850746268656716,0.2661290322580645,-0.1046580050736638
2,SVC,0.7349397590361446,0.05714285714285715,0.029850746268656716,0.6666666666666666,0.09900455431425009
3,DecisionTreeClassifier,0.714859437751004,0.4817518248175182,0.4925373134328358,0.4714285714285714,0.2853361708634989
4,RandomForestClassifier,0.7871485943775101,0.5137614678899082,0.417910447761194,0.6666666666666666,0.40383278282947155
5,KNeighborsClassifier,0.7188755020080321,0.4262295081967214,0.3880597014925373,0.4727272727272727,0.24450807653390128
