,Model,Accuracy,F1,Recall,Precision,Matthews correlation coefficient (MCC),Kappa Coefficient
0,LogisticRegression,0.6985294117647058,0.5638297872340425,0.5,0.6463414634146342,0.34570759572925214,0.33917990045034374
1,GaussianNB,0.39705882352941174,0.5638297872340425,1.0,0.3925925925925926,0.06877522254457148,0.00941552673654289
2,SVC,0.7242647058823529,0.5398773006134969,0.41509433962264153,0.7719298245614035,0.40355061425597033,0.3674810864442515
3,DecisionTreeClassifier,0.7132352941176471,0.6422018348623852,0.660377358490566,0.625,0.40366585701433555,0.4032403240324033
4,RandomForestClassifier,0.7352941176470589,0.5955056179775281,0.5,0.7361111111111112,0.42618446647493474,0.4092664092664092
5,KNeighborsClassifier,0.6029411764705882,0.44897959183673475,0.41509433962264153,0.4888888888888889,0.14301604277765131,0.14185557373218038
