model,accuracy,fpr,recall
Naive Bayes,0.5927075252133437,0.5746140651801029,0.7308781869688386
Logistic Regression,0.5872769588828549,0.5866209262435678,0.7308781869688386
SVM,0.7075252133436772,0.35506003430531735,0.7592067988668555
Decicion Tree,0.7509697439875873,0.3481989708404803,0.8328611898016998
Random Forest,0.8378588052754073,0.13036020583190394,0.8116147308781869
